"ID";"Название";"Раздел";"Тип";"Смысл";"Правила";"Ограничение";"Пример";"Источник"
"composition-1";"Правило третей";"Композиция";"Приём";"Деление кадра на девять частей помогает разместить смысловой акцент.";"Расположите главный объект около пересечения направляющих • Оставьте пространство в направлении взгляда или движения";"Не привязывайте каждую кнопку к третям: интерфейс зависит от задач.";"На обложке текст занимает левую треть, иллюстрация — правую.";"https://www.adobe.com/creativecloud/photography/technique/rule-of-thirds.html"
"composition-2";"Золотое сечение";"Композиция";"Приём";"Соотношение φ ≈ 1,618 задаёт один из способов распределить большие и малые области.";"Сравните пропорцию 61,8/38,2 с простым делением 60/40 • Проверяйте читаемость и содержание раньше геометрии";"Нет гарантии, что эта пропорция делает интерфейс красивее или удобнее.";"Текстовая часть hero занимает 61,8% ширины.";"https://www.adobe.com/creativecloud/photography/technique/composition.html"
"composition-3";"Золотая спираль";"Композиция";"Приём";"Спираль предлагает последовательное уменьшение областей и направление взгляда.";"Согласуйте акцент с концом спирали • Используйте как композиционный эскиз, а не обязательный шаблон";"Приближение через квадраты Фибоначчи отличается от точной логарифмической спирали.";"Обложка связывает крупный заголовок и небольшой смысловой акцент.";"https://www.adobe.com/creativecloud/photography/technique/composition.html"
"composition-4";"Симметрия";"Композиция";"Приём";"Зеркальные массы создают спокойную и устойчивую композицию.";"Поддерживайте одинаковый визуальный вес по сторонам оси • Выделяйте главное размером или контрастом";"Полная симметрия может ослабить иерархию.";"Экран подтверждения с центральным знаком и одной кнопкой.";"https://www.adobe.com/creativecloud/photography/technique/composition.html"
"composition-5";"Асимметричный баланс";"Композиция";"Приём";"Разные по размеру элементы уравновешиваются контрастом, положением и плотностью.";"Сопоставьте маленький яркий акцент с большой нейтральной областью • Проверяйте композицию в уменьшении";"Баланс оценивают по восприятию, а не только площади прямоугольников.";"Широкий текстовый блок уравновешен компактной цветной карточкой.";"https://www.adobe.com/creativecloud/photography/technique/composition.html"
"composition-6";"Негативное пространство";"Композиция";"Приём";"Свободное место отделяет группы и направляет внимание.";"Увеличивайте внешние интервалы относительно внутренних • Оставляйте воздух около главного действия";"Большие пустоты не должны скрывать полезный контент на маленьком экране.";"Форма отделена от справки широким промежутком.";"https://www.adobe.com/creativecloud/photography/technique/composition.html"
"composition-7";"Визуальная иерархия";"Композиция";"Приём";"Размер, контраст и положение показывают порядок важности.";"Задайте один первый акцент • Постройте вторичный и третичный уровни";"Когда всё крупное и яркое, ничто не выделяется.";"Заголовок, краткое объяснение, затем основная кнопка.";"https://www.adobe.com/creativecloud/photography/technique/composition.html"
"composition-8";"Доминирующий акцент";"Композиция";"Приём";"Композиция выигрывает от ясно обозначенного смыслового центра.";"Привяжите акцент к главной задаче экрана • Ослабьте конкурирующие действия";"Один акцент не означает одну функцию на весь экран.";"На экране оплаты выделено «Оплатить», справка остаётся доступной.";"https://www.adobe.com/creativecloud/photography/technique/composition.html"
"composition-9";"Контраст масштаба";"Композиция";"Приём";"Сопоставление крупного и малого создаёт выразительность.";"Используйте заметное различие размеров • Сохраняйте читаемость мелкого уровня";"Контраст нельзя получать за счёт нечитаемого вторичного текста.";"Большая цифра метрики и обычная подпись к ней.";"https://www.adobe.com/creativecloud/photography/technique/composition.html"
"composition-10";"Ритм и повторение";"Композиция";"Приём";"Повтор элементов и интервалов формирует предсказуемую структуру.";"Повторяйте отступы внутри одного уровня • Нарушайте ритм только ради смыслового акцента";"Монотонность мешает отличить важные события.";"Повторяющиеся строки списка с одной выделенной записью.";"https://www.adobe.com/creativecloud/photography/technique/composition.html"
"composition-11";"Направляющие линии";"Композиция";"Приём";"Линии и границы связывают элементы в путь внимания.";"Используйте края блоков как оси • Не проводите декоративные линии через текст";"В интерфейсе линии не заменяют понятный порядок чтения.";"Заголовок и форма выровнены по одной вертикали.";"https://www.adobe.com/creativecloud/photography/technique/composition.html"
"composition-12";"Диагональная композиция";"Композиция";"Приём";"Диагональ создаёт ощущение движения и напряжения.";"Оставляйте текст горизонтальным для чтения • Используйте диагональ в изображении или фоне";"Слишком сильный наклон мешает спокойным рабочим интерфейсам.";"Диагональ на промообложке связывает два акцента.";"https://www.adobe.com/creativecloud/photography/technique/composition.html"
"composition-13";"Глубина и планы";"Композиция";"Приём";"Перекрытие, масштаб и свет показывают отношения слоёв.";"Определите фон, содержание и временный верхний слой • Используйте тень только при реальном перекрытии";"Тени без логики делают интерфейс шумным.";"Диалог находится выше страницы, а не рядом с ней.";"https://www.adobe.com/creativecloud/photography/technique/composition.html"
"composition-14";"Кадрирование и безопасная зона";"Композиция";"Приём";"Разные экраны обрезают изображение по-разному.";"Задайте focal point • Держите важный текст вне краёв обрезки";"Обложка с встроенным текстом плохо адаптируется.";"Акцент остаётся видимым в горизонтальном и вертикальном кадре.";"https://www.adobe.com/creativecloud/photography/technique/composition.html"
"composition-15";"Оптическое выравнивание";"Композиция";"Приём";"Визуальный центр иногда отличается от математического.";"Корректируйте иконки по воспринимаемому весу • Сравнивайте рядом с текстом в реальном размере";"Не вводите десятки случайных поправок без системы.";"Треугольник play слегка смещён относительно центра круга.";"https://www.adobe.com/creativecloud/photography/technique/composition.html"
"composition-16";"Монтаж и непрерывность";"Композиция";"Приём";"Сохранение связи между состояниями помогает понять смену контекста.";"Сохраняйте объект или название при переходе • Показывайте откуда пришёл новый экран";"Кинематографические эффекты не должны задерживать выполнение задачи.";"Карточка раскрывается в детальную страницу с тем же заголовком.";"https://developer.apple.com/design/human-interface-guidelines/motion"
"cinema-1";"Правило 180 градусов";"Кино и визуальный рассказ";"Приём";"Сохранение стороны оси помогает зрителю понимать расположение объектов.";"В кино следите за осью взаимодействия • В интерфейсе сохраняйте понятное направление переходов";"Перенос в UI — аналогия, а не обязательный стандарт.";"Следующий шаг появляется с одной согласованной стороны.";"https://www.adobe.com/creativecloud/video/discover/what-is-the-180-degree-rule.html"
"cinema-2";"Общий, средний и крупный план";"Кино и визуальный рассказ";"Приём";"Масштаб помогает связать контекст с деталью.";"Сначала обозначьте общий контекст • При увеличении сохраняйте путь назад";"Крупный план без ориентира может потерять связь с задачей.";"Обзор карточек переходит в детали выбранного модуля.";"https://www.adobe.com/creativecloud/photography/technique/composition.html"
"cinema-3";"Экранное направление";"Кино и визуальный рассказ";"Приём";"Устойчивое направление движения облегчает отслеживание последовательности.";"Согласуйте вход и выход связанных экранов • Учитывайте направление письма";"Горизонтальная стрелка не является универсальной временной осью.";"В LTR следующий шаг движется согласованно с навигацией.";"https://www.adobe.com/creativecloud/video/discover/what-is-the-180-degree-rule.html"
"cinema-4";"Match cut / связующий монтаж";"Кино и визуальный рассказ";"Приём";"Сходная форма или смысл связывает разные кадры.";"Сохраняйте узнаваемый элемент • Используйте связь для объяснения перехода";"Сходство должно помогать задаче, а не быть только эффектом.";"Миниатюра становится крупным изображением в деталях.";"https://developer.apple.com/design/human-interface-guidelines/motion"
"cinema-5";"Постановка / staging";"Кино и визуальный рассказ";"Приём";"Композиция кадра должна ясно выражать основную идею.";"Сделайте нужный объект первым по вниманию • Ослабьте конкурирующие детали";"Принцип применяют по контексту: рабочий экран может иметь несколько задач.";"В момент подтверждения выделяется результат действия.";"https://www.adobe.com/creativecloud/animation/discover/principles-of-animation.html"
"cinema-6";"Перспектива и точка зрения";"Кино и визуальный рассказ";"Приём";"Положение наблюдателя меняет масштаб и отношения объектов.";"Выберите устойчивую точку наблюдения • Не искажайте текст ради объёма";"Сильная перспектива мешает точному сравнению.";"3D-карточка оставляет важную подпись фронтальной.";"https://www.adobe.com/creativecloud/photography/technique/composition.html"
"cinema-7";"Глубина резкости";"Кино и визуальный рассказ";"Приём";"Различная чёткость отделяет смысловой объект от среды.";"Размывайте только вторичный фон • Сохраняйте нужный контент читаемым";"Blur в UI не должен делать важную информацию недоступной.";"Открытый диалог оставляет основную задачу резкой.";"https://www.adobe.com/creativecloud/photography/technique/composition.html"
"cinema-8";"Темп и пауза";"Кино и визуальный рассказ";"Приём";"Чередование события и покоя даёт время понять результат.";"Согласуйте время с информационной нагрузкой • Оставляйте доступ к действию во время перехода";"Принудительная длинная пауза замедляет продукт.";"После подтверждения короткая спокойная смена состояния.";"https://developer.apple.com/design/human-interface-guidelines/motion"
"cinema-9";"Причинно-следственная связь";"Кино и визуальный рассказ";"Приём";"Зритель должен понимать, какое действие вызвало результат.";"Показывайте изменение рядом с источником действия • Сохраняйте визуальную идентичность";"Далёкое уведомление может выглядеть несвязанным.";"Нажатие меняет именно выбранную карточку.";"https://developer.apple.com/design/human-interface-guidelines/motion"
"cinema-10";"Раскадровка / storyboard";"Кино и визуальный рассказ";"Приём";"Последовательность ключевых кадров раскрывает сценарий во времени.";"Покажите начало, действие и результат • Добавьте исключения и возврат";"Набор красивых кадров без действий не описывает сценарий.";"Поиск → выбор → сохранение представлены одной последовательностью.";"https://www.ibm.com/design/thinking/"
"gestalt-1";"Близость / Proximity";"Гештальт и восприятие";"Эвристика";"Близкие объекты воспринимаются как связанные.";"Ставьте подпись рядом с её полем • Делайте межгрупповой интервал больше внутреннего";"Одинаковые интервалы между всеми элементами размывают структуру.";"Две группы по три точки считываются быстрее шести разрозненных.";"https://www.nngroup.com/articles/gestalt-proximity/"
"gestalt-2";"Сходство / Similarity";"Гештальт и восприятие";"Эвристика";"Общий цвет, форма или размер подсказывают принадлежность к группе.";"Оформляйте одинаковые роли одинаково • Не используйте один вид для разных функций";"Одно сходство не заменяет текстовую подпись.";"Все ссылки имеют единое оформление.";"https://www.nngroup.com/articles/gestalt-proximity/"
"gestalt-3";"Общая область";"Гештальт и восприятие";"Эвристика";"Рамка или фон объединяют элементы даже на расстоянии.";"Объединяйте только смыслово связанные объекты • Не вкладывайте рамку в рамку без необходимости";"Много контейнеров создаёт лишнюю визуальную глубину.";"Адрес и доставка находятся в одной секции формы.";"https://www.nngroup.com/articles/gestalt-proximity/"
"gestalt-4";"Связность";"Гештальт и восприятие";"Эвристика";"Соединённые элементы воспринимаются как группа.";"Связывайте линии с конкретной зависимостью • Подписывайте смысл связи";"Линии могут стать нечитаемыми в плотном графе.";"Шаги процесса соединены линией.";"https://www.nngroup.com/articles/gestalt-proximity/"
"gestalt-5";"Замыкание";"Гештальт и восприятие";"Эвристика";"Зритель достраивает неполную форму.";"Оставляйте достаточно признаков целого • Используйте в знаках и иллюстративных схемах";"Незавершённый контур кнопки может выглядеть как ошибка.";"Разорванное кольцо всё ещё воспринимается окружностью.";"https://www.nngroup.com/articles/gestalt-proximity/"
"gestalt-6";"Непрерывность";"Гештальт и восприятие";"Эвристика";"Взгляд предпочитает плавно продолжающийся путь.";"Поддерживайте выравнивание • Избегайте случайных пересечений";"Плавная линия без подписи не объясняет данные.";"Последовательность точек ведёт к следующему шагу.";"https://www.nngroup.com/articles/gestalt-proximity/"
"gestalt-7";"Фигура и фон";"Гештальт и восприятие";"Эвристика";"Различие переднего плана и среды помогает выделять объект.";"Отделяйте активный слой контрастом • Сохраняйте читаемость на сложном фоне";"Двусмысленность фигуры и фона редко полезна в формах.";"Диалог отделён затемнением подложки.";"https://www.nngroup.com/articles/gestalt-proximity/"
"gestalt-8";"Общая судьба";"Гештальт и восприятие";"Эвристика";"Объекты, движущиеся вместе, выглядят связанными.";"Анимируйте группу согласованно • Не заставляйте связанные элементы двигаться в разные стороны";"Движение требует режима уменьшенной анимации.";"Пункты панели входят как единая группа.";"https://www.nngroup.com/articles/gestalt-proximity/"
"gestalt-9";"Простота / Prägnanz";"Гештальт и восприятие";"Эвристика";"Люди стремятся воспринимать устойчивые и простые формы.";"Уберите детали, не меняющие смысл • Сохраняйте узнаваемую структуру";"Простота не равна удалению необходимой информации.";"Пиктограмма строится из нескольких базовых форм.";"https://www.nngroup.com/articles/gestalt-proximity/"
"gestalt-10";"Выделение / Von Restorff";"Гештальт и восприятие";"Эвристика";"Отличающийся элемент может лучше привлекать внимание.";"Выделяйте действительно важное • Сравнивайте акцент с обычными элементами";"Эффект зависит от контекста и не гарантирует запоминание.";"Одна контрастная карточка среди нейтральных.";"https://www.nngroup.com/articles/gestalt-proximity/"
"type-1";"Шрифтовая иерархия";"Типографика";"Практика";"Роли текста помогают быстро понять структуру.";"Определите роли display, heading, body и caption • Используйте размер вместе с весом и интервалом";"Каждый новый размер усложняет систему.";"Заголовок 32, основной текст 16, вспомогательный 14 px.";"https://web.dev/learn/design/"
"type-2";"Модульная шкала";"Типографика";"Практика";"Последовательный коэффициент связывает размеры.";"Выберите умеренный шаг, например 1,2 или 1,25 • Корректируйте шкалу под контент";"Золотое сечение слишком резко увеличивает размеры для многих интерфейсов.";"16 → 20 → 25 → 31,25 при коэффициенте 1,25.";"https://web.dev/learn/design/"
"type-3";"Длина строки";"Типографика";"Практика";"Слишком длинные и короткие строки затрудняют чтение.";"Начните примерно с 45–75 знаков для длинного текста • Проверьте язык, шрифт и устройство";"Это ориентир, а не нормативная граница WCAG.";"Текстовая статья ограничена по ширине в ch.";"https://web.dev/learn/design/"
"type-4";"Интерлиньяж";"Типографика";"Практика";"Межстрочный интервал связывает строки без слипания.";"Пробуйте 1,4–1,6 для основного текста • Для крупных заголовков уменьшайте шаг осторожно";"Нужный интервал зависит от метрик гарнитуры.";"Тот же абзац при 1,1 и 1,55 выглядит по-разному.";"https://web.dev/learn/design/"
"type-5";"Шрифтовые пары";"Типографика";"Практика";"Разные гарнитуры могут разделить характер и функцию.";"Сочетайте выразительный заголовок с читаемым текстом • Обычно начните с одной или двух семей";"Больше семейств — больше загрузка и сложнее согласованность.";"Антиква в заголовке и гротеск в тексте.";"https://web.dev/learn/design/"
"type-6";"Вес и контраст начертаний";"Типографика";"Практика";"Вес выделяет важность без смены размера.";"Используйте реальные доступные начертания • Оставляйте разницу между обычным и сильным акцентом";"Очень тонкие штрихи теряют читаемость на малом размере.";"Обычный текст 400, ключевой показатель 700.";"https://web.dev/learn/design/"
"type-7";"Трекинг и кернинг";"Типографика";"Практика";"Интервалы между буквами влияют на плотность и узнаваемость.";"Осторожно разрежайте короткие прописные подписи • Сохраняйте нормальный шаг длинного текста";"Сильный отрицательный трекинг может соединять буквы.";"Короткая метка получает 0,05 em межбуквенного интервала.";"https://web.dev/learn/design/"
"type-8";"Выравнивание текста";"Типографика";"Практика";"Стабильная ось облегчает поиск начала строки.";"Длинный текст выравнивайте по направлению письма • Центр используйте для коротких блоков";"Выравнивание по ширине без переносов создаёт большие пробелы.";"Описание карточки выровнено влево.";"https://web.dev/learn/design/"
"type-9";"Базовая линия";"Типографика";"Практика";"Общая базовая линия связывает разные текстовые элементы.";"Согласуйте строку и иконку • Проверяйте цифры рядом с буквами";"Геометрическое центрирование не всегда выглядит ровно.";"Название и цена выровнены по baseline.";"https://web.dev/learn/design/"
"type-10";"Цифры и числовые колонки";"Типографика";"Практика";"Табличные цифры уменьшают скачки ширины.";"Используйте tabular-nums в таблицах и таймерах • Выравнивайте числовые значения по правому краю";"Пропорциональные цифры подходят не для каждой метрики.";"Таймер сохраняет ширину при изменении числа.";"https://web.dev/learn/design/"
"type-11";"Fluid typography";"Типографика";"Практика";"Размер текста плавно меняется между границами.";"Используйте clamp с rem-границами • Проверьте увеличение текста пользователем";"Один vw без ограничений делает текст слишком мелким или крупным.";"Заголовок растёт от 24 до 48 px.";"https://web.dev/learn/design/"
"type-12";"Кириллица и локализация";"Типографика";"Практика";"Гарнитура должна поддерживать реальный язык продукта.";"Проверяйте Ё, Й, цифры и знаки • Тестируйте длинные переводы и переносы";"Красивая латиница не гарантирует хорошую кириллицу.";"«Настройки уведомлений» проверяются вместо lorem ipsum.";"https://web.dev/learn/design/"
"color-1";"Монохромная палитра";"Цвет и свет";"Приём";"Один тон с разной светлотой создаёт спокойное единство.";"Разделяйте роли светлотой • Добавляйте понятный сигнал состояния";"Близкие оттенки легко теряют контраст.";"Три тональных уровня синего.";"https://developer.mozilla.org/en-US/docs/Web/CSS"
"color-2";"Аналоговая палитра";"Цвет и свет";"Приём";"Соседние тона дают мягкий переход.";"Выберите основной тон и ограничьте соседние • Проверяйте текст отдельно от общей гармонии";"Гармония цветов не гарантирует доступность.";"Синий, голубой и бирюзовый.";"https://developer.mozilla.org/en-US/docs/Web/CSS"
"color-3";"Комплементарная палитра";"Цвет и свет";"Приём";"Противоположные тона дают сильный цветовой контраст.";"Один цвет сделайте доминирующим • Второй используйте для небольшого акцента";"Сильное сочетание насыщенных тонов утомляет.";"Синий фон и оранжевый акцент.";"https://developer.mozilla.org/en-US/docs/Web/CSS"
"color-4";"Триадная палитра";"Цвет и свет";"Приём";"Три равноудалённых тона дают разнообразие.";"Выберите иерархию между тремя тонами • Снижайте насыщенность вторичных цветов";"Равные большие площади превращают палитру в шум.";"Три цвета для трёх категорий.";"https://developer.mozilla.org/en-US/docs/Web/CSS"
"color-5";"Правило 60 / 30 / 10";"Цвет и свет";"Эвристика";"Пропорции помогают распределить фон, вторичный цвет и акцент.";"Используйте как стартовую схему • Корректируйте доли под задачи";"Это декоративная эвристика, а не математическое требование.";"60% нейтрального, 30% вторичного, 10% акцента.";"https://developer.mozilla.org/en-US/docs/Web/CSS"
"color-6";"Семантический цвет";"Цвет и свет";"Приём";"Цветовые роли отражают значение состояния.";"Разделите success, warning, danger и info • Добавляйте подпись или иконку";"Один цвет не должен быть единственным носителем смысла.";"Ошибка имеет текст и значок, а не только красную рамку.";"https://developer.mozilla.org/en-US/docs/Web/CSS"
"color-7";"Тональные роли";"Цвет и свет";"Приём";"Роль цвета стабильнее конкретного hex-значения.";"Задайте surface, on-surface, primary и on-primary • Меняйте роли согласованно в темах";"Простая инверсия цветов не создаёт качественную тёмную тему.";"Текст на кнопке использует отдельный on-primary.";"https://m3.material.io/"
"color-8";"Контраст текста";"Цвет и свет";"Стандарт";"Отношение яркостей определяет минимальную различимость.";"Для AA обычный текст требует 4,5:1 • Крупный текст — 3:1: от 24 CSS px либо примерно 18,67 px жирный";"Есть исключения, например логотипы и неактивные элементы; порог не округляют вверх.";"Калькулятор сравнивает текст и фон.";"https://www.w3.org/WAI/WCAG22/Understanding/contrast-minimum.html"
"color-9";"Тёмная тема";"Цвет и свет";"Приём";"Темнота меняет восприятие цвета, теней и уровней.";"Создайте отдельные поверхности и контраст • Проверьте изображения и приглушённые состояния";"Тёмная тема не гарантирует экономию батареи на любом дисплее.";"Панели различаются тоном поверхности.";"https://developer.mozilla.org/en-US/docs/Web/CSS"
"color-10";"Градиенты и mesh";"Цвет и свет";"Приём";"Переходы тона дают глубину и настроение.";"Ставьте читаемый текст на устойчивую подложку • Ограничьте число цветовых центров";"Движущийся градиент требует возможности остановки.";"Мягкий переход двух тонов за нейтральной карточкой.";"https://developer.mozilla.org/en-US/docs/Web/CSS"
"color-11";"Свет и тень";"Цвет и свет";"Приём";"Тень показывает расстояние от поверхности.";"Согласуйте направление света • Различайте тень слоя и состояние фокуса";"Тень не заменяет границу на низком контрасте.";"При поднятии карточки тень становится мягче.";"https://developer.mozilla.org/en-US/docs/Web/CSS"
"color-12";"Цветовые пространства";"Цвет и свет";"Приём";"sRGB, HSL и OKLCH решают разные задачи подбора.";"Для тональных шкал пробуйте OKLCH • Проверяйте поддержку, gamut и итоговый контраст";"Одинаковая числовая lightness не делает все тона визуально идентичными.";"Меняется насыщенность при сохранении выбранного тона.";"https://developer.mozilla.org/en-US/docs/Web/CSS"
"layout-1";"Колончатая сетка";"Сетки и адаптивность";"Практика";"Колонки связывают разные блоки в общую структуру.";"Определите поля, колонки и gutter • Выбирайте число колонок под контент";"12 колонок — удобный вариант, не обязательное правило.";"Карточки занимают 4 из 12 колонок.";"https://web.dev/learn/design/"
"layout-2";"Модульная сетка";"Сетки и адаптивность";"Практика";"Строки и колонки задают повторяемые ячейки.";"Используйте общий модуль для схожих блоков • Разрешайте большие элементы через span";"Жёсткая высота обрезает динамический текст.";"Дашборд собирается из модулей разного размера.";"https://web.dev/learn/design/"
"layout-3";"Ритм 4 / 8 px";"Сетки и адаптивность";"Практика";"Ограниченная шкала интервалов повышает согласованность.";"Начните с 4, 8, 16, 24, 32 • Допускайте оптические поправки по назначению";"Это системная практика, а не стандарт для всех проектов.";"Внутренний отступ 16, межблочный 24.";"https://www.carbondesignsystem.com/building-blocks/foundations/2x-grid/overview"
"layout-4";"Mobile first";"Сетки и адаптивность";"Практика";"Малый экран заставляет определить приоритеты.";"Начните с основного сценария • Расширяйте возможности с ростом пространства";"Сложные desktop-задачи требуют самостоятельного исследования.";"Одна колонка становится тремя.";"https://web.dev/learn/design/"
"layout-5";"Content first breakpoints";"Сетки и адаптивность";"Практика";"Точка перестройки определяется поломкой контента.";"Сжимайте экран до потери читаемости • Задавайте breakpoint там, где он нужен";"Список популярных моделей телефонов быстро устаревает.";"Навигация перестраивается, когда названия перестают помещаться.";"https://web.dev/learn/design/"
"layout-6";"Fluid layout";"Сетки и адаптивность";"Практика";"Гибкие размеры используют доступное пространство.";"Используйте minmax, fr и max-width • Сохраняйте ограничения читабельности";"Растяжение на весь экран делает длинный текст неудобным.";"Сетка заполняет ширину, статья остаётся ограниченной.";"https://web.dev/learn/design/"
"layout-7";"Container queries";"Сетки и адаптивность";"Практика";"Компонент адаптируется к размеру своего контейнера.";"Используйте для повторяемых карточек • Задайте контейнеру правильный тип";"Не каждая адаптация должна зависеть от ширины окна.";"Одна карточка меняется в узкой боковой панели.";"https://web.dev/learn/design/"
"layout-8";"Bento layout";"Сетки и адаптивность";"Практика";"Крупные и малые блоки собираются в неоднородную сетку.";"Размер связывайте с важностью • Сохраняйте логичный DOM-порядок";"Красивые плитки не должны перемешивать порядок чтения.";"Один главный блок и три вспомогательных.";"https://web.dev/learn/design/"
"layout-9";"Masonry";"Сетки и адаптивность";"Практика";"Разная высота элементов экономит пространство галереи.";"Проверьте порядок чтения и табуляции • Сохраняйте предсказуемую загрузку";"Для сравнения одинаковых свойств обычная сетка удобнее.";"Карточки разной высоты в визуальной подборке.";"https://web.dev/learn/design/"
"layout-10";"Плотность интерфейса";"Сетки и адаптивность";"Практика";"Расстояния зависят от задачи и способа ввода.";"Разделяйте compact и comfortable • Сохраняйте размер зоны касания";"Плотность нельзя повышать уменьшением всего текста.";"Таблица и мобильная форма имеют разный ритм.";"https://web.dev/learn/design/"
"layout-11";"Безопасные области";"Сетки и адаптивность";"Практика";"Системные элементы и вырезы уменьшают полезную зону.";"Учитывайте safe-area-inset • Проверяйте нижние действия рядом с жестовой областью";"Размер безопасной зоны зависит от устройства и режима.";"Кнопка остаётся выше нижней системной области.";"https://developer.apple.com/design/human-interface-guidelines/"
"layout-12";"RTL и направление письма";"Сетки и адаптивность";"Практика";"Арабский и иврит меняют порядок и ожидания навигации.";"Используйте логические свойства start/end • Проверяйте числа, медиа и направленные иконки";"Не каждое изображение и не каждый символ надо зеркалить.";"Поля и подписи переходят на правую ось.";"https://web.dev/learn/design/"
"styles-1";"Швейцарский стиль";"Визуальные направления";"Направление";"Типографика, строгая сетка и ясная информационная структура.";"Используйте устойчивые оси • Стройте контраст размером и весом";"Строгая сетка требует работы с содержанием, а не одного гротеска.";"Плакатная карточка с большим номером и точными отступами.";"https://developer.mozilla.org/en-US/docs/Web/CSS"
"styles-2";"Минимализм";"Визуальные направления";"Направление";"Сокращение деталей ради ясного содержания.";"Удаляйте только лишнее • Сохраняйте необходимые подписи и состояния";"Минимум элементов не гарантирует минимум усилий пользователя.";"Нейтральная карточка с одной основной функцией.";"https://developer.mozilla.org/en-US/docs/Web/CSS"
"styles-3";"Баухаус";"Визуальные направления";"Направление";"Геометрия, первичные цвета и функциональная композиция.";"Свяжите форму с назначением • Ограничьте геометрические мотивы";"Историческая школа шире набора кругов и красно-жёлтых блоков.";"Прямоугольные поля с геометрическим акцентом.";"https://developer.mozilla.org/en-US/docs/Web/CSS"
"styles-4";"Редакционный дизайн";"Визуальные направления";"Направление";"Журнальная иерархия, текст и контраст масштабов.";"Подберите выразительные заголовки • Сохраняйте удобный поток чтения";"Журнальная композиция не всегда подходит инструменту с плотными данными.";"Крупная антиква и текстовая колонка.";"https://developer.mozilla.org/en-US/docs/Web/CSS"
"styles-5";"Брутализм";"Визуальные направления";"Направление";"Открытая структура, резкие границы и необработанное впечатление.";"Сохраняйте понятные действия • Выбирайте намеренную грубость последовательно";"Хаотичные формы и плохая доступность не являются обязательной частью стиля.";"Чёрная рамка, открытая сетка и прямой текст.";"https://developer.mozilla.org/en-US/docs/Web/CSS"
"styles-6";"Необрутализм";"Визуальные направления";"Направление";"Яркие плоскости, толстые рамки и жёсткая тень.";"Используйте небольшую палитру • Согласуйте толщины и смещения";"Чрезмерные тени мешают плотным рабочим экранам.";"Жёлтая карточка с чёрной смещённой тенью.";"https://developer.mozilla.org/en-US/docs/Web/CSS"
"styles-7";"Flat design";"Визуальные направления";"Направление";"Плоские поверхности и сдержанная глубина.";"Обозначайте интерактивность цветом, границей и состоянием • Не прячьте управление";"Совсем плоская кнопка может выглядеть как обычный текст.";"Цветная кнопка без объёмного освещения.";"https://developer.mozilla.org/en-US/docs/Web/CSS"
"styles-8";"Скевоморфизм";"Визуальные направления";"Направление";"Материал и знакомая физическая форма объясняют функцию.";"Выбирайте понятную метафору • Сохраняйте цифровые преимущества";"Текстура не должна снижать читаемость и перегружать ресурсами.";"Контрол напоминает механический переключатель.";"https://developer.mozilla.org/en-US/docs/Web/CSS"
"styles-9";"Неоморфизм";"Визуальные направления";"Направление";"Мягкие внешние и внутренние тени создают рельеф одной поверхности.";"Добавляйте контрастную границу интерактивным зонам • Различайте нажато и не нажато";"Классический низкий контраст особенно рискован для доступности.";"Рельефная карточка с явной подписью.";"https://developer.mozilla.org/en-US/docs/Web/CSS"
"styles-10";"Glassmorphism";"Визуальные направления";"Направление";"Прозрачность и размытый фон показывают слои.";"Предусмотрите непрозрачную подложку • Проверяйте любой контент под стеклом";"Blur дорог на слабых устройствах и не гарантирует контраст.";"Полупрозрачная панель над цветовым полем.";"https://developer.mozilla.org/en-US/docs/Web/CSS"
"styles-11";"Claymorphism";"Визуальные направления";"Направление";"Мягкий объём, крупные радиусы и пастельные поверхности.";"Используйте для ограниченных акцентов • Поддерживайте читаемую типографику";"Игрушечность может противоречить серьёзному сценарию.";"Объёмная карточка с мягким внутренним светом.";"https://developer.mozilla.org/en-US/docs/Web/CSS"
"styles-12";"Dark luxury";"Визуальные направления";"Направление";"Тёмная среда, точечный акцент и сдержанный ритм.";"Оставляйте достаточно контраста • Согласуйте материалы и интервалы";"Премиальность нельзя получить одной чёрной заливкой.";"Тёмная карточка с тонкой тёплой рамкой.";"https://developer.mozilla.org/en-US/docs/Web/CSS"
"styles-13";"Cyberpunk";"Визуальные направления";"Направление";"Неон, технологические мотивы и контраст тёмной среды.";"Ограничьте свечение • Сохраняйте ясные подписи и спокойный основной текст";"Мигание и glitch могут вызывать дискомфорт.";"Неоновая рамка вокруг спокойного содержимого.";"https://developer.mozilla.org/en-US/docs/Web/CSS"
"styles-14";"Ретро и Y2K";"Визуальные направления";"Направление";"Ссылки на раннюю цифровую культуру, хром и яркие акценты.";"Определите конкретную эпоху и мотив • Не переносите старые ограничения удобства";"Историческая отсылка не оправдывает плохую навигацию.";"Хромовый заголовок и контрастные цифровые метки.";"https://developer.mozilla.org/en-US/docs/Web/CSS"
"styles-15";"Органический дизайн";"Визуальные направления";"Направление";"Мягкие линии и природный ритм создают спокойный характер.";"Сохраните прямые оси для текста • Используйте органику в акцентах";"Неровные контуры не должны делать зоны касания непонятными.";"Плавные радиусы и тёплая нейтральная палитра.";"https://developer.mozilla.org/en-US/docs/Web/CSS"
"styles-16";"Максимализм";"Визуальные направления";"Направление";"Плотность, множественные мотивы и выразительный контраст.";"Создайте иерархию даже в насыщенном поле • Ограничьте насыщенность в рабочих сценариях";"Сложность декора повышает риск перегрузки.";"Яркая карточка с крупной типографикой и повтором полос.";"https://developer.mozilla.org/en-US/docs/Web/CSS"
"styles-17";"Типографический дизайн";"Визуальные направления";"Направление";"Текст становится главным визуальным материалом.";"Работайте с масштабом и переносами • Подбирайте гарнитуру под язык";"Не превращайте весь текст в декоративное изображение.";"Большой заголовок задаёт композицию.";"https://developer.mozilla.org/en-US/docs/Web/CSS"
"styles-18";"Монохром и дуотон";"Визуальные направления";"Направление";"Ограниченное число тонов связывает разный контент.";"Поддерживайте несколько уровней светлоты • Проверяйте значение без цвета";"Дуотон может скрыть важные детали фотографии.";"Два контрастных тона в одной карточке.";"https://developer.mozilla.org/en-US/docs/Web/CSS"
"styles-19";"Пиксельный стиль";"Визуальные направления";"Направление";"Дискретная сетка и низкая детализация отсылают к ранним играм.";"Согласуйте размеры пикселя • Основной текст оставляйте читаемым";"Увеличенные пиксельные шрифты не всегда удобны для длинного текста.";"Ступенчатая рамка и крупный игровой акцент.";"https://developer.mozilla.org/en-US/docs/Web/CSS"
"styles-20";"Материальность и 3D";"Визуальные направления";"Направление";"Объём, свет и перспектива создают ощущение физического объекта.";"Используйте объём для смысла • Дайте плоскую альтернативу сложным сценам";"WebGL и тяжёлые сцены требуют бюджета производительности.";"Карточка меняет наклон при выборе состояния.";"https://developer.mozilla.org/en-US/docs/Web/CSS"
"ux-1";"Видимость состояния системы";"UX и поведение";"Эвристика";"Пользователь должен понимать, что происходит.";"Показывайте факт обработки действия • Объясняйте долгую операцию";"Бесконечный спиннер не сообщает, когда ждать результат.";"Кнопка меняется на «Сохраняем…».";"https://www.nngroup.com/articles/ten-usability-heuristics/"
"ux-2";"Соответствие реальному миру";"UX и поведение";"Эвристика";"Понятный язык связывает интерфейс с привычной моделью.";"Используйте слова пользователя • Следуйте естественному порядку задачи";"Внутренние названия API редко понятны пользователю.";"«Удалить из корзины» вместо технического идентификатора.";"https://www.nngroup.com/articles/ten-usability-heuristics/"
"ux-3";"Контроль и свобода";"UX и поведение";"Эвристика";"Возможность отменить действие снижает страх ошибки.";"Дайте понятный выход • Предусмотрите отмену обратимых операций";"Подтверждение каждого клика создаёт лишнюю работу.";"После удаления доступно «Отменить».";"https://www.nngroup.com/articles/ten-usability-heuristics/"
"ux-4";"Согласованность";"UX и поведение";"Эвристика";"Одинаковые действия должны выглядеть и работать одинаково.";"Соблюдайте платформенные привычки • Держите единые названия и позиции";"Абсолютное единообразие не должно стирать разные значения.";"Все основные действия используют один компонент.";"https://www.nngroup.com/articles/ten-usability-heuristics/"
"ux-5";"Предотвращение ошибок";"UX и поведение";"Эвристика";"Лучше исключить ошибку, чем объяснять её после.";"Покажите ограничения до ввода • Проверяйте опасные последствия";"Не блокируйте допустимый ввод ради слишком строгой маски.";"Дата завершения не может быть раньше начала.";"https://www.nngroup.com/articles/ten-usability-heuristics/"
"ux-6";"Узнавание вместо вспоминания";"UX и поведение";"Эвристика";"Видимые варианты снижают нагрузку на память.";"Показывайте выбранные настройки • Подсказывайте формат и историю";"Подсказки не должны раскрывать лишние личные данные.";"Недавние запросы видны в поиске.";"https://www.nngroup.com/articles/recognition-and-recall/"
"ux-7";"Гибкость и эффективность";"UX и поведение";"Эвристика";"Новичкам и опытным людям нужны разные способы работы.";"Предлагайте понятный обычный путь • Добавляйте необязательные ускорители";"Горячая клавиша не заменяет видимую кнопку.";"Поиск доступен кнопкой и сочетанием клавиш.";"https://www.nngroup.com/articles/ten-usability-heuristics/"
"ux-8";"Эстетика и необходимый минимум";"UX и поведение";"Эвристика";"Каждый дополнительный элемент конкурирует за внимание.";"Показывайте информацию по её назначению • Убирайте декоративный шум";"Скрывать критичную информацию ради чистоты нельзя.";"В форме остаются только нужные для задачи поля.";"https://www.nngroup.com/articles/ten-usability-heuristics/"
"ux-9";"Помощь при ошибках";"UX и поведение";"Эвристика";"Сообщение должно объяснять причину и следующий шаг.";"Говорите конкретно • Сохраняйте введённые данные";"«Ошибка 500» не помогает восстановить задачу.";"«Не удалось сохранить. Проверьте соединение и повторите».";"https://www.nngroup.com/articles/ten-usability-heuristics/"
"ux-10";"Помощь и документация";"UX и поведение";"Эвристика";"Объяснения нужны там, где возникает вопрос.";"Дайте короткую контекстную подсказку • Обеспечьте доступ к подробной справке";"Обучение не должно быть обязательной преградой.";"Рядом с необычным полем есть объяснение.";"https://www.nngroup.com/articles/ten-usability-heuristics/"
"ux-11";"Закон Фиттса";"UX и поведение";"Эвристика";"До более крупной и близкой цели обычно легче добраться.";"Увеличивайте область взаимодействия • Сближайте связанные действия";"Модель не учитывает все факторы касания и выбора.";"Большая зона кнопки включает отступ вокруг значка.";"https://doi.org/10.1037/h0055392"
"ux-12";"Закон Хика–Хаймана";"UX и поведение";"Эвристика";"Сложность выбора может увеличивать время решения.";"Группируйте варианты по смыслу • Предлагайте поиск в длинных списках";"Нельзя вывести универсальный лимит пунктов меню из этого закона.";"Категории сокращают просмотр несвязанных вариантов.";"https://doi.org/10.1080/17470215208416600"
"ux-13";"Прогрессивное раскрытие";"UX и поведение";"Практика";"Редкие возможности показывают по запросу.";"Оставляйте основные функции на первом уровне • Делайте дополнительные опции обнаружимыми";"Скрытие важных настроек увеличивает число ошибок.";"«Дополнительные параметры» раскрывают вторичные поля.";"https://www.nngroup.com/articles/ten-usability-heuristics/"
"ux-14";"Когнитивная нагрузка";"UX и поведение";"Практика";"Задача требует внимания, понимания и памяти.";"Разбейте сложную задачу на понятные части • Сохраняйте промежуточный результат";"Число 7±2 не является нормой количества элементов интерфейса.";"Пошаговая форма сохраняет ответы.";"https://www.nngroup.com/articles/ten-usability-heuristics/"
"ux-15";"Эффект эстетики и удобства";"UX и поведение";"Эвристика";"Приятный вид может влиять на воспринимаемую простоту.";"Проверяйте реальное выполнение задачи • Отделяйте впечатление от наблюдаемой ошибки";"Красота не доказывает удобство и может маскировать проблемы в опросе.";"Высокая оценка интерфейса сравнивается с фактическими затруднениями.";"https://www.nngroup.com/articles/aesthetic-usability-effect/"
"ux-16";"Закон Якоба";"UX и поведение";"Эвристика";"Опыт с другими продуктами формирует ожидания.";"Сохраняйте привычный смысл знакомых паттернов • Меняйте их ради проверенной пользы";"Привычка не запрещает новое решение.";"Значок поиска действительно открывает поиск.";"https://www.nngroup.com/articles/fresh-vs-familiar-aggressive-redesign/"
"ux-17";"Ментальная модель";"UX и поведение";"Эвристика";"Пользователь действует на основе собственного понимания системы.";"Исследуйте ожидания • Объясните несоответствие до ошибки";"Внутренняя модель разработчика не равна модели пользователя.";"Сохранение понятно как локальный отбор, а не покупка.";"https://www.nngroup.com/articles/minimize-cognitive-load/"
"ux-18";"Peak–end rule";"UX и поведение";"Эвристика";"Сильные моменты и завершение могут влиять на воспоминание об опыте.";"Убирайте болезненные пики • Обеспечьте ясное завершение задачи";"Эффект не означает, что середина сценария не важна.";"Подтверждение объясняет результат без лишнего ожидания.";"https://www.nngroup.com/articles/peak-end-rule/"
"ux-19";"Стоимость переключения контекста";"UX и поведение";"Эвристика";"Смена задачи требует восстановить намерение и положение.";"Сохраняйте промежуточное состояние • Не прерывайте ввод ненужными панелями";"Перерывы нельзя оценить одним универсальным числом.";"Возврат из деталей сохраняет фильтр каталога.";"https://www.nngroup.com/articles/minimize-cognitive-load/"
"ux-20";"Достижимый прогресс";"UX и поведение";"Эвристика";"Видимые этапы помогают оценить оставшуюся работу.";"Показывайте честное количество шагов • Не создавайте ложного прогресса";"Длина прогресс-бара без связи с работой вводит в заблуждение.";"Форма показывает шаг 2 из 4.";"https://www.nngroup.com/articles/ten-usability-heuristics/"
"ux-21";"Узнаваемые возможности / affordance";"UX и поведение";"Практика";"Форма и сигналы должны объяснять возможное действие.";"Поддерживайте явную интерактивность • Согласуйте сигнал с фактическим поведением";"Тень сама по себе не доказывает, что объект можно нажать.";"Кнопка имеет подпись и состояние нажатия.";"https://www.w3.org/WAI/ARIA/apg/patterns/"
"ux-22";"Снижение сложности решения";"UX и поведение";"Практика";"Редкие детали можно отделить от первого выбора.";"Сохраняйте важные последствия видимыми • Показывайте дополнительные возможности по запросу";"Перенос сложности в скрытые экраны не всегда снижает усилие.";"Расширенные опции открываются рядом с основной формой.";"https://www.nngroup.com/articles/progressive-disclosure/"
"navigation-1";"Информационная архитектура";"Навигация и структура";"Практика";"Содержание организуют по понятной пользователю модели.";"Задайте названия и отношения разделов • Проверяйте поиск задач в структуре";"Организационная структура компании не всегда подходит сайту.";"Разделы каталога отражают задачи выбора.";"https://design-system.service.gov.uk/"
"navigation-2";"Tabs / вкладки";"Навигация и структура";"Практика";"Вкладки переключают связанные разделы одного контекста.";"Обозначайте текущую вкладку • Для ARIA tabs реализуйте управление стрелками";"Ссылки на разные страницы не обязательно оформлять ARIA tabs.";"Настройки содержат «Общие» и «Уведомления».";"https://www.w3.org/WAI/ARIA/apg/patterns/"
"navigation-3";"Нижняя навигация";"Навигация и структура";"Практика";"Главные мобильные разделы находятся в достижимой зоне.";"Оставьте ограниченное число равноправных разделов • Подпишите иконки";"Не помещайте сюда случайные действия вместо разделов.";"Библиотека, поиск и профиль.";"https://m3.material.io/"
"navigation-4";"Sidebar / боковая панель";"Навигация и структура";"Практика";"Постоянная панель подходит большому числу рабочих разделов.";"Показывайте текущий раздел • На узком экране обеспечьте компактный доступ";"Панель не должна отнимать всё пространство контента.";"Категории каталога находятся сбоку.";"https://fluent2.microsoft.design/"
"navigation-5";"Breadcrumbs";"Навигация и структура";"Практика";"Цепочка показывает положение в глубокой иерархии.";"Используйте понятные названия • Дайте переход к родительским уровням";"Это путь в структуре, а не история посещений.";"Каталог / Композиция / Правило третей.";"https://design-system.service.gov.uk/"
"navigation-6";"Поиск и подсказки";"Навигация и структура";"Практика";"Поиск помогает добраться до известного содержания.";"Поддержите язык пользователя и синонимы • Показывайте причины пустого результата";"Автодополнение должно управляться клавиатурой.";"Поиск по «контраст» находит правила цвета и доступности.";"https://www.w3.org/WAI/ARIA/apg/patterns/"
"navigation-7";"Фильтрация";"Навигация и структура";"Практика";"Фильтры сужают список без потери понимания.";"Показывайте активные ограничения • Дайте простой сброс";"После фильтра нельзя незаметно скрывать все результаты.";"Выбраны «Эвристики» и «Композиция».";"https://www.w3.org/WAI/ARIA/apg/patterns/"
"navigation-8";"Сортировка";"Навигация и структура";"Практика";"Порядок должен соответствовать текущей задаче.";"Назовите критерий • Сохраняйте стабильность одинаковых значений";"«Лучшее» бессмысленно без определения оценки.";"Название, категория или исходный порядок.";"https://www.w3.org/WAI/ARIA/apg/patterns/"
"navigation-9";"Command palette";"Навигация и структура";"Практика";"Поиск команд ускоряет работу в сложном инструменте.";"Сохраняйте обычную навигацию • Показывайте команды с понятными названиями";"Командная панель неудобна как единственный вход для новичка.";"Поиск открывается сочетанием ⌘K.";"https://www.w3.org/WAI/ARIA/apg/patterns/"
"navigation-10";"Back и история";"Навигация и структура";"Практика";"Назад должен возвращать к предыдущему контексту.";"Сохраняйте фильтры и положение • Учитывайте браузерную и системную историю";"Кнопка закрытия и переход назад имеют разный смысл.";"После модуля пользователь возвращается к выбранной категории.";"https://developer.apple.com/design/human-interface-guidelines/"
"components-1";"Кнопка и ссылка";"Компоненты интерфейса";"Практика";"Кнопка выполняет действие, ссылка меняет адрес или место.";"Используйте нативные HTML-элементы • Подпись должна описывать результат";"Кликабельный div требует лишней реализации клавиатуры и семантики.";"«Сохранить» — button, источник — a.";"https://www.w3.org/WAI/ARIA/apg/patterns/"
"components-2";"Иерархия кнопок";"Компоненты интерфейса";"Практика";"Визуальный вес показывает приоритет действия.";"Выделите основной результат • Вторичные действия оставьте различимыми";"Несколько одинаково ярких CTA конкурируют.";"«Сохранить» и спокойная «Отмена».";"https://www.w3.org/WAI/ARIA/apg/patterns/"
"components-3";"Текстовое поле";"Компоненты интерфейса";"Практика";"Поле должно объяснять назначение и формат.";"Добавьте постоянный label • Покажите пример отдельно от введённого значения";"Placeholder не заменяет подпись.";"Поле email с видимой подписью.";"https://www.w3.org/WAI/tutorials/forms/"
"components-4";"Checkbox и radio";"Компоненты интерфейса";"Практика";"Флажок задаёт независимое значение, radio — один вариант группы.";"Используйте fieldset и legend для групп • Делайте подпись кликабельной";"Пользователь должен понимать, допускается ли несколько вариантов.";"Три независимые настройки и один способ доставки.";"https://www.w3.org/WAI/tutorials/forms/"
"components-5";"Switch";"Компоненты интерфейса";"Практика";"Переключатель меняет двоичную настройку.";"Объясните, применяется ли изменение сразу • Покажите состояние словом или подписью";"Для подтверждения нескольких ответов checkbox может быть понятнее.";"«Уведомления включены».";"https://m3.material.io/"
"components-6";"Select и combobox";"Компоненты интерфейса";"Практика";"Выбор из списка и ввод с подсказками имеют разное поведение.";"Предпочитайте нативный select для простого списка • Реализуйте keyboard и ARIA для собственного combobox";"Длинный список без поиска трудно просматривать.";"Выбор платформы.";"https://www.w3.org/WAI/ARIA/apg/patterns/"
"components-7";"Slider / ползунок";"Компоненты интерфейса";"Практика";"Ползунок удобен для непрерывного диапазона.";"Показывайте числовое значение • Дайте клавиатурное управление";"Для точных больших чисел нужен дополнительный ввод.";"Длительность анимации от 100 до 1600 ms.";"https://www.w3.org/WAI/ARIA/apg/patterns/"
"components-8";"Date picker";"Компоненты интерфейса";"Практика";"Календарь должен учитывать разные способы ввода даты.";"Разрешайте ввод с клавиатуры • Указывайте формат и ограничения";"Дата рождения удобнее текстом или нативным полем, чем сотнями переключений месяца.";"Выбор даты с подписью.";"https://www.w3.org/WAI/tutorials/forms/"
"components-9";"Карточка";"Компоненты интерфейса";"Практика";"Карточка объединяет самостоятельный фрагмент содержания.";"Определите основное действие • Разделяйте вложенные кнопки и переход";"Нельзя помещать button внутрь button.";"Модуль можно открыть или добавить в отбор.";"https://www.w3.org/WAI/ARIA/apg/patterns/"
"components-10";"Accordion";"Компоненты интерфейса";"Практика";"Сворачиваемые секции снижают видимую плотность.";"Заголовок должен быть кнопкой • Показывайте expanded и сохраняйте контекст";"Критичные сведения не стоит скрывать по умолчанию.";"Дополнительные требования раскрываются отдельно.";"https://www.w3.org/WAI/ARIA/apg/patterns/"
"components-11";"Dialog / диалог";"Компоненты интерфейса";"Практика";"Модальное окно временно переводит фокус в ограниченную задачу.";"Дайте название, закрытие и возврат фокуса • Не выпускайте фокус за модальный слой";"Сложный многошаговый процесс лучше переносить в отдельный экран.";"Подтверждение действия в нативном dialog.";"https://www.w3.org/WAI/ARIA/apg/patterns/"
"components-12";"Drawer и bottom sheet";"Компоненты интерфейса";"Практика";"Временная панель сохраняет связь с базовым экраном.";"Обозначьте способ закрытия • Учитывайте фокус и безопасные зоны";"Модальность зависит от сценария; не все панели блокируют страницу.";"Детали карточки открываются справа.";"https://developer.apple.com/design/human-interface-guidelines/"
"components-13";"Tooltip и popover";"Компоненты интерфейса";"Практика";"Короткая подсказка и панель с содержимым решают разные задачи.";"Показывайте подсказки также при фокусе • Интерактивный контент помещайте в popover";"В tooltip нельзя прятать единственную необходимую инструкцию.";"Описание значка видно при фокусе.";"https://www.w3.org/WAI/ARIA/apg/patterns/"
"components-14";"Toast и snackbar";"Компоненты интерфейса";"Практика";"Краткое уведомление подтверждает несложное событие.";"Не перекрывайте действия • Дайте достаточное время для кнопки отмены";"Критическая ошибка не должна исчезать единственным toast.";"«Добавлено в отбор».";"https://m3.material.io/"
"components-15";"Таблица";"Компоненты интерфейса";"Практика";"Таблица поддерживает сравнение одинаковых свойств.";"Используйте заголовки колонок • Сохраните названия при горизонтальном просмотре";"Сложные данные не всегда полезно превращать в мобильные карточки.";"Название, статус и значение.";"https://www.w3.org/WAI/ARIA/apg/patterns/"
"components-16";"Пагинация и Load more";"Компоненты интерфейса";"Практика";"Порционная загрузка помогает управлять длинным списком.";"Показывайте объём и положение • Сохраняйте загруженные элементы при возврате";"Бесконечная лента усложняет доступ к подвалу и точному месту.";"Кнопка добавляет следующую порцию модулей.";"https://www.w3.org/WAI/ARIA/apg/patterns/"
"components-17";"Drag & drop";"Компоненты интерфейса";"Практика";"Перетаскивание создаёт прямое пространственное управление.";"Покажите допустимое место • Дайте альтернативу без перетаскивания";"Без альтернативы жест исключает часть пользователей.";"Порядок меняется также кнопками вверх и вниз.";"https://www.w3.org/WAI/ARIA/apg/patterns/"
"components-18";"Skeleton";"Компоненты интерфейса";"Практика";"Каркас обозначает ожидаемую структуру при загрузке.";"Согласуйте размер с итоговым контентом • Ограничьте анимацию и время ожидания";"Skeleton не должен скрывать ошибку или бесконечную загрузку.";"Короткая загрузка заменяется реальной карточкой.";"https://www.w3.org/WAI/ARIA/apg/patterns/"
"states-1";"Loading / загрузка";"Состояния и сценарии";"Практика";"Операция требует видимого и понятного состояния ожидания.";"Не допускайте повторной отправки • Для долгой задачи объясните этап";"Искусственная задержка не нужна, когда результат уже готов.";"«Обрабатываем 3 из 12 файлов».";"https://design-system.service.gov.uk/"
"states-2";"Empty / пустое состояние";"Состояния и сценарии";"Практика";"Отсутствие данных — отдельный полезный сценарий.";"Объясните причину • Предложите подходящее первое действие";"Одинаковая пустота не подходит новому аккаунту и пустому поиску.";"«В отборе пока нет модулей».";"https://design-system.service.gov.uk/"
"states-3";"Error / ошибка";"Состояния и сценарии";"Практика";"Ошибка должна позволять продолжить задачу.";"Сохраните данные • Покажите восстановимое действие";"Не обвиняйте человека и не раскрывайте внутренние детали.";"Кнопка «Повторить» рядом с объяснением.";"https://design-system.service.gov.uk/"
"states-4";"Success / успех";"Состояния и сценарии";"Практика";"Подтверждение завершения закрывает неопределённость.";"Сообщите конкретный результат • Покажите следующий логичный шаг";"Полноэкранное поздравление мешает частым действиям.";"«Настройки сохранены на этом устройстве».";"https://design-system.service.gov.uk/"
"states-5";"Offline / без сети";"Состояния и сценарии";"Практика";"Интерфейс должен объяснять доступные возможности без соединения.";"Сохраняйте локальные данные • Показывайте статус синхронизации, если она есть";"Не обещайте синхронизацию в продукте, где её нет.";"Локальный каталог продолжает работать без внешних ресурсов.";"https://design-system.service.gov.uk/"
"states-6";"Disabled и read-only";"Состояния и сценарии";"Практика";"Недоступное действие и доступное для чтения значение различаются.";"Объясняйте причину недоступности • Не исключайте важные сведения из восприятия";"Невозможность нажать без объяснения создаёт тупик.";"Кнопка сравнения поясняет, сколько модулей нужно.";"https://design-system.service.gov.uk/"
"states-7";"Hover, pressed, focus";"Состояния и сценарии";"Практика";"Разные состояния отражают способ взаимодействия.";"Разделяйте hover и keyboard focus • Не делайте hover единственным входом";"На сенсорном экране наведения может не быть.";"Кнопка показывает фокус при Tab.";"https://design-system.service.gov.uk/"
"states-8";"Optimistic UI";"Состояния и сценарии";"Практика";"Интерфейс может показать результат раньше ответа сервера.";"Используйте для надёжных обратимых операций • Предусмотрите откат при ошибке";"Платёж и необратимые действия требуют подтверждённого результата.";"Отметка избранного появляется сразу.";"https://design-system.service.gov.uk/"
"states-9";"Undo / отмена";"Состояния и сценарии";"Практика";"Отмена возвращает контроль после обратимого действия.";"Дайте понятный срок или постоянную историю • Возвращайте связанное состояние целиком";"Отмена не заменяет защиту опасных необратимых операций.";"Удалённая запись возвращается одной кнопкой.";"https://design-system.service.gov.uk/"
"states-10";"Permissions / разрешения";"Состояния и сценарии";"Практика";"Разрешение лучше запрашивать в контексте нужной функции.";"Объясните пользу до системного запроса • Предусмотрите сценарий отказа";"Не блокируйте весь продукт без реальной необходимости.";"Доступ к камере запрашивается при сканировании.";"https://developer.apple.com/design/human-interface-guidelines/"
"motion-1";"Easing / ускорение";"Анимация и движение";"Приём";"Скорость изменения делает движение механическим или естественным.";"Для входа пробуйте deceleration • Связывайте характер движения с задачей";"Linear полезен для равномерного прогресса, но не для каждого перехода.";"Один объект движется с разными кривыми.";"https://m3.material.io/styles/motion/overview/how-it-works"
"motion-2";"Duration / длительность";"Анимация и движение";"Приём";"Время перехода должно соответствовать расстоянию и роли.";"Короткие реакции делайте быстрыми • Большие перемещения проверяйте на реальном устройстве";"Универсального лучшего числа миллисекунд нет.";"Сравнение 160, 320 и 700 ms.";"https://m3.material.io/styles/motion/overview/how-it-works"
"motion-3";"Spring / пружина";"Анимация и движение";"Приём";"Пружинное движение зависит от упругости и затухания.";"Ограничьте overshoot • Дайте движение без пружины при reduced motion";"Сильное колебание плохо подходит точному вводу.";"Акцент один раз мягко возвращается к месту.";"https://m3.material.io/styles/motion/overview/how-it-works"
"motion-4";"Stagger / каскад";"Анимация и движение";"Приём";"Небольшие задержки показывают порядок появления группы.";"Сохраняйте короткую общую длительность • Не задерживайте взаимодействие с уже видимыми элементами";"Длинный каскад заставляет ждать список.";"Три строки появляются с коротким интервалом.";"https://m3.material.io/styles/motion/overview/how-it-works"
"motion-5";"Microinteraction";"Анимация и движение";"Приём";"Короткая реакция подтверждает конкретное действие.";"Привяжите к результату, а не декору • Не меняйте размер зоны нажатия";"Избыточная реакция на каждый hover раздражает.";"После сохранения меняется отметка.";"https://m3.material.io/styles/motion/overview/how-it-works"
"motion-6";"Shared element transition";"Анимация и движение";"Приём";"Один визуальный объект связывает два состояния.";"Сохраняйте идентичность объекта • Предусмотрите простой переход без поддержки эффекта";"Перемещение текста может ухудшать чтение.";"Карточка превращается в детальную область.";"https://m3.material.io/styles/motion/overview/how-it-works"
"motion-7";"Fade / растворение";"Анимация и движение";"Приём";"Прозрачность помогает мягко сменить состояние.";"Не оставляйте невидимый элемент интерактивным • Используйте короткий переход";"Содержимое может выглядеть мерцающим при многократной смене.";"Панель появляется через opacity.";"https://m3.material.io/styles/motion/overview/how-it-works"
"motion-8";"Slide / сдвиг";"Анимация и движение";"Приём";"Направленное движение объясняет появление области.";"Согласуйте направление с расположением панели • Не уводите важные элементы слишком далеко";"Большие перемещения могут вызывать дискомфорт.";"Панель появляется с правого края.";"https://m3.material.io/styles/motion/overview/how-it-works"
"motion-9";"Scale / масштаб";"Анимация и движение";"Приём";"Изменение масштаба привлекает внимание к объекту.";"Сохраняйте устойчивую точку привязки • Ограничивайте увеличение";"Масштабирование текста может выглядеть размытым.";"Кнопка кратко уменьшается при нажатии.";"https://m3.material.io/styles/motion/overview/how-it-works"
"motion-10";"FLIP / перестройка";"Анимация и движение";"Приём";"First, Last, Invert, Play позволяет анимировать изменение расположения.";"Измерьте начальное и конечное положение • Анимируйте transform вместо постоянного layout";"Много измерений в цикле вызывает layout thrashing.";"Плитки перестраиваются в новую сетку.";"https://developer.mozilla.org/en-US/docs/Web/CSS"
"motion-11";"Scroll-linked и parallax";"Анимация и движение";"Приём";"Движение может следовать прокрутке и разной скорости слоёв.";"Сохраняйте обычный scroll • Учитывайте reduced motion";"Перехват прокрутки часто мешает управлению.";"Акцент смещается при изменении прогресса.";"https://developer.mozilla.org/en-US/docs/Web/CSS"
"motion-12";"Skeletal shimmer";"Анимация и движение";"Приём";"Короткая подсветка обозначает загрузку.";"Остановите при готовности или ошибке • В reduced motion используйте статичный каркас";"Бесконечный shimmer не заменяет объяснение ожидания.";"Световой проход по строкам загрузки.";"https://m3.material.io/styles/motion/overview/how-it-works"
"motion-13";"Reduced motion";"Анимация и движение";"Стандарт";"Часть людей предпочитает минимальное движение.";"Уважайте prefers-reduced-motion • Сохраните информацию через мгновенную смену или мягкую прозрачность";"SC 2.3.3 относится к AAA; поддержка настройки полезна шире обязательного уровня.";"Тот же переход выполняется без перемещения.";"https://www.w3.org/WAI/WCAG22/Understanding/animation-from-interactions.html"
"motion-14";"Squash & stretch";"Анимация и движение";"Приём";"Изменение формы передаёт упругость и вес.";"Применяйте только к подходящим акцентам • Сохраняйте читаемость и область управления";"Принцип из анимации не обязателен для интерфейса.";"Значок сжимается и возвращается к форме.";"https://m3.material.io/styles/motion/overview/how-it-works"
"motion-15";"Anticipation / подготовка";"Анимация и движение";"Приём";"Небольшое предварительное движение может объяснить предстоящее действие.";"Делайте подготовку короткой • Не задерживайте частые действия";"Приём из анимации не обязателен для UI и требует reduced motion.";"Акцент слегка отступает перед перемещением.";"https://www.adobe.com/creativecloud/animation/discover/principles-of-animation.html"
"motion-16";"Follow-through / продолжение";"Анимация и движение";"Приём";"Часть движения может завершаться после остановки основного объекта.";"Ограничьте затухание • Сохраняйте стабильность конечной позиции";"Долгое колебание мешает быстрому следующему действию.";"Акцент мягко доходит до конечной точки.";"https://www.adobe.com/creativecloud/animation/discover/principles-of-animation.html"
"motion-17";"Overlapping action";"Анимация и движение";"Приём";"Связанные части могут иметь небольшие временные сдвиги.";"Согласуйте общую длительность • Оставьте действие доступным";"Слишком большой сдвиг разрывает ощущение единой группы.";"Строки панели завершают движение последовательно.";"https://www.adobe.com/creativecloud/animation/discover/principles-of-animation.html"
"motion-18";"Arcs / дуги";"Анимация и движение";"Приём";"Плавная дуга создаёт иной характер перемещения, чем прямая.";"Используйте там, где путь объясняет связь • Избегайте больших перемещений текста";"Дуга — выразительный выбор, а не физическая необходимость интерфейса.";"Метка движется по короткой дуге к цели.";"https://www.adobe.com/creativecloud/animation/discover/principles-of-animation.html"
"motion-19";"Secondary action";"Анимация и движение";"Приём";"Небольшое вторичное движение поддерживает главное событие.";"Делайте вторичную реакцию слабее главной • Связывайте её со смыслом результата";"Одновременные сильные эффекты создают конкуренцию.";"Значок мягко реагирует после сохранения.";"https://www.adobe.com/creativecloud/animation/discover/principles-of-animation.html"
"motion-20";"Timing / ритм действия";"Анимация и движение";"Приём";"Длительность и распределение кадров меняют воспринимаемый вес.";"Связывайте темп с ролью • Проверяйте вход, выход и паузу вместе";"Цифра длительности без кривой и расстояния недостаточна.";"Один путь ощущается по-разному при 200 и 700 ms.";"https://www.adobe.com/creativecloud/animation/discover/principles-of-animation.html"
"motion-21";"Exaggeration / преувеличение";"Анимация и движение";"Приём";"Усиление движения делает реакцию выразительнее.";"Используйте для редких акцентов • Ограничьте величину и повторение";"Преувеличение быстро утомляет при частых действиях.";"Короткий overshoot подчёркивает завершение.";"https://www.adobe.com/creativecloud/animation/discover/principles-of-animation.html"
"motion-22";"Appeal / выразительный характер";"Анимация и движение";"Приём";"Движение должно поддерживать характер продукта.";"Выберите несколько согласованных жестов • Сохраняйте понятность и доступность";"Привлекательность субъективна и не заменяет пользовательскую проверку.";"Спокойный продукт использует мягкие короткие переходы.";"https://www.adobe.com/creativecloud/animation/discover/principles-of-animation.html"
"native-1";"Web / браузер";"Платформы и нативность";"Практика";"Веб-интерфейс живёт с URL, историей и разными устройствами ввода.";"Используйте семантический HTML • Сохраняйте обычные возможности ссылок и форм";"Внешний вид нативного контрола зависит от браузера и ОС.";"Нативный select и browser focus.";"https://web.dev/learn/design/"
"native-2";"iOS / Apple HIG";"Платформы и нативность";"Практика";"Привычные системные паттерны снижают обучение на iPhone.";"Учитывайте safe area и Dynamic Type • Используйте системные компоненты в настоящем приложении";"Веб-модель показывает визуальный принцип, а не UIKit или SwiftUI.";"Список настроек с нижними вкладками.";"https://developer.apple.com/design/human-interface-guidelines/"
"native-3";"Android / Material";"Платформы и нативность";"Практика";"Система тональных ролей и компонентов задаёт язык Android.";"Учитывайте системный back и область касания • Используйте доступные Material-компоненты";"Material применяют и в вебе; это не синоним нативного Android-кода.";"Тональная карточка и заметное главное действие.";"https://m3.material.io/"
"native-4";"Desktop / Fluent";"Платформы и нативность";"Практика";"Рабочий экран требует мыши, клавиатуры и высокой плотности.";"Обеспечьте shortcuts и понятный focus • Учитывайте изменение размера окна";"Desktop не означает микроскопические элементы.";"Компактная панель и контекстное управление.";"https://fluent2.microsoft.design/"
"native-5";"Native vs hybrid";"Платформы и нативность";"Практика";"Реальная нативность касается поведения и API, а не только внешнего вида.";"Оцените системные функции, доступность и производительность • Проверяйте WebView на целевых устройствах";"CSS-копия системной панели не становится нативным приложением.";"Один сценарий сравнивается в трёх визуальных моделях.";"https://developer.apple.com/design/human-interface-guidelines/"
"native-6";"Зоны касания";"Платформы и нативность";"Практика";"Видимый значок может быть меньше области нажатия.";"Для Android ориентируйтесь на 48 × 48 dp • В вебе учитывайте WCAG отдельно";"CSS px, pt и dp — разные единицы; не приравнивайте их автоматически.";"Небольшая иконка внутри большой зоны.";"https://support.google.com/accessibility/android/answer/7101858?hl=en"
"native-7";"Dynamic Type и масштаб";"Платформы и нативность";"Практика";"Системный размер текста меняет геометрию интерфейса.";"Позвольте тексту расти • Убирайте фиксированные высоты текстовых блоков";"Изменение только font-size без перестройки может обрезать элементы.";"Список выдерживает увеличенные подписи.";"https://developer.apple.com/design/human-interface-guidelines/"
"native-8";"Жесты и haptics";"Платформы и нативность";"Практика";"Жест и тактильная реакция дополняют действие.";"Дайте видимую альтернативу жесту • Используйте haptics лишь там, где доступны";"В этом веб-каталоге haptics объясняются, но не имитируются как системная вибрация.";"Удаление свайпом сопровождается обычной кнопкой.";"https://developer.apple.com/design/human-interface-guidelines/"
"native-9";"Системный back";"Платформы и нативность";"Практика";"Android back, iOS navigation и browser history имеют свои ожидания.";"Различайте закрытие слоя и уход с экрана • Сохраняйте промежуточную задачу";"Одинаковая стрелка не гарантирует одинаковое поведение.";"Сначала закрывается панель, затем выполняется возврат.";"https://developer.apple.com/design/human-interface-guidelines/"
"native-10";"Adaptive navigation";"Платформы и нативность";"Практика";"Платформа и размер экрана влияют на расположение разделов.";"Перестраивайте bar в rail или sidebar при необходимости • Сохраняйте названия и текущий раздел";"Поворот и большой экран требуют отдельной проверки.";"Нижние вкладки превращаются в боковой список.";"https://m3.material.io/"
"a11y-1";"Контраст WCAG AA";"Доступность";"Стандарт";"Нормативный порог зависит от назначения и размера текста.";"Обычный текст — минимум 4,5:1 • Крупный текст — минимум 3:1 с установленным определением размера";"Не округляйте 4,499 до 4,5 для оценки соответствия.";"Введите два цвета и проверьте реальное отношение яркостей.";"https://www.w3.org/WAI/WCAG22/Understanding/contrast-minimum.html"
"a11y-2";"Цвет не единственный сигнал";"Доступность";"Стандарт";"Значение должно сохраняться без различения оттенков.";"Добавляйте подпись, форму или иконку • Проверьте монохромный режим";"Красная и зелёная точки без подписей двусмысленны.";"«Ошибка» показана словом и значком.";"https://www.w3.org/WAI/WCAG22/Understanding/use-of-color.html"
"a11y-3";"Управление клавиатурой";"Доступность";"Стандарт";"Функции должны работать без мыши.";"Используйте Tab и стандартные клавиши • Избегайте ловушек фокуса";"Нестандартное управление требует обучения и часто мешает вспомогательным технологиям.";"Кнопки и поля доступны обычным Tab.";"https://www.w3.org/WAI/WCAG22/quickref/"
"a11y-4";"Видимый фокус";"Доступность";"Стандарт";"Положение клавиатурного фокуса должно быть различимо.";"Оставляйте заметный индикатор • Не удаляйте outline без эквивалентной замены";"Hover не заменяет состояние focus.";"Контур появляется при клавиатурном выборе.";"https://www.w3.org/WAI/WCAG22/quickref/"
"a11y-5";"Фокус не скрыт";"Доступность";"Стандарт";"Компонент в фокусе не должен полностью исчезать под авторским слоем.";"Проверяйте sticky header и нижние панели • Сдвигайте контент или область просмотра при необходимости";"AA требует отсутствия полного перекрытия; более строгие требования имеют другой уровень.";"Панель не закрывает текущую кнопку.";"https://www.w3.org/WAI/WCAG22/Understanding/focus-not-obscured-minimum.html"
"a11y-6";"Размер цели WCAG 2.2";"Доступность";"Стандарт";"SC 2.5.8 задаёт минимальную область указателя.";"Обычно 24 × 24 CSS px либо достаточное расстояние по критерию • Изучите исключения для inline, equivalent, essential и других случаев";"Это уровень AA; 44 × 44 CSS px относится к расширенному SC 2.5.5 AAA с исключениями.";"Сравнение маленькой и просторной кнопки.";"https://www.w3.org/WAI/WCAG22/Understanding/target-size-minimum.html"
"a11y-7";"Reflow / перекомпоновка";"Доступность";"Стандарт";"Содержание должно адаптироваться к увеличению и узкому окну.";"Для вертикального контента проверяйте ширину 320 CSS px • Избегайте прокрутки в двух направлениях без необходимого основания";"Таблицы и другие двумерные области могут иметь исключения.";"Текст переносится вместо обрезки.";"https://www.w3.org/WAI/WCAG22/Understanding/reflow.html"
"a11y-8";"Text spacing";"Доступность";"Стандарт";"Пользовательские интервалы не должны уничтожать содержание.";"Проверьте line-height 1,5, paragraph 2 em, letter 0,12 em и word 0,16 em • Уберите фиксированные текстовые высоты";"Это проверка устойчивости к пользовательским значениям, а не обязательный внешний вид.";"Параграф остаётся видимым при увеличении интервалов.";"https://www.w3.org/WAI/WCAG22/Understanding/text-spacing.html"
"a11y-9";"Семантика и названия";"Доступность";"Практика";"Роль, имя и состояние помогают вспомогательным технологиям.";"Используйте нативные элементы • Связывайте подпись с контролом";"Избыточная ARIA может ухудшить нативную семантику.";"Переключатель объявляется с названием и состоянием.";"https://www.w3.org/WAI/ARIA/apg/patterns/"
"a11y-10";"Alt-текст";"Доступность";"Практика";"Альтернатива зависит от функции картинки.";"Опишите нужное значение • Декоративным изображениям задайте пустой alt";"Не описывайте декоративную деталь вместо полезного смысла.";"Диаграмма имеет короткое описание и данные текстом.";"https://www.w3.org/WAI/tutorials/images/"
"a11y-11";"Доступная форма";"Доступность";"Практика";"Подпись, инструкция и ошибка должны быть связаны с полем.";"Используйте label и описания • Сообщайте о способе исправления";"Placeholder исчезает после ввода и не заменяет label.";"Поле с постоянной подписью и конкретной ошибкой.";"https://www.w3.org/WAI/tutorials/forms/"
"a11y-12";"Доступная аутентификация";"Доступность";"Стандарт";"Вход не должен зависеть только от проверки памяти или решения задач.";"Разрешайте вставку и менеджеры паролей • Дайте предусмотренные критерием альтернативу или помощь";"SC 3.3.8 содержит исключения; не объявляйте любой пароль нарушением.";"Пароль можно вставить из менеджера.";"https://www.w3.org/WAI/WCAG22/Understanding/accessible-authentication-minimum.html"
"a11y-13";"Альтернатива перетаскиванию";"Доступность";"Стандарт";"Для движения drag нужен другой способ одним указателем, кроме исключений.";"Добавьте кнопки перемещения • Сохраняйте одинаковый результат";"Клавиатурная альтернатива полезна, но сама по себе не закрывает SC 2.5.7.";"Порядок меняется кнопками, без drag.";"https://www.w3.org/WAI/WCAG22/Understanding/dragging-movements.html"
"a11y-14";"Статусные сообщения";"Доступность";"Стандарт";"Результат изменения можно сообщить без перемещения фокуса.";"Используйте status для умеренной обратной связи • Не объявляйте каждое декоративное изменение";"Слишком частые объявления мешают работе со скринридером.";"«Сохранено» объявляется через live region.";"https://www.w3.org/WAI/WCAG22/Understanding/status-messages.html"
"a11y-15";"Пауза движения";"Доступность";"Стандарт";"Длительное автоматическое движение может требовать остановки.";"Для соответствующих SC 2.2.2 эффектов дайте pause, stop или hide • Учитывайте условия и исключения критерия";"Не вся короткая анимация подпадает под этот критерий.";"В каталоге анимации запускаются по запросу.";"https://www.w3.org/WAI/WCAG22/quickref/"
"a11y-16";"Субтитры и альтернативы медиа";"Доступность";"Стандарт";"Медиа должно быть доступно при разных способах восприятия.";"Добавляйте субтитры по применимому критерию • Учитывайте аудиодескрипцию и текстовую альтернативу";"Для записи, live и audio-only действуют разные критерии и уровни.";"У видео есть субтитры и текстовое содержание.";"https://www.w3.org/WAI/WCAG22/quickref/"
"systems-1";"Primitive tokens";"Дизайн-системы";"Практика";"Базовые значения создают строительный материал системы.";"Задайте шкалы цвета и интервалов • Не привязывайте имя только к конкретному компоненту";"Произвольный hex в каждом файле ломает согласованность.";"color.blue.600 и space.4.";"https://www.w3.org/community/design-tokens/"
"systems-2";"Semantic tokens";"Дизайн-системы";"Практика";"Семантическое имя описывает роль значения.";"Связывайте роли с primitive-значениями • Меняйте тему на уровне ролей";"Название «синий» не объясняет, где цвет используется.";"color.action.primary ссылается на палитру.";"https://www.w3.org/community/design-tokens/"
"systems-3";"Component tokens";"Дизайн-системы";"Практика";"Особые значения компонента связывают дизайн и реализацию.";"Определите варианты и состояния • Не дублируйте общую шкалу без причины";"Слишком много локальных исключений разрушает язык системы.";"button.radius и button.padding.";"https://www.w3.org/community/design-tokens/"
"systems-4";"Темизация";"Дизайн-системы";"Практика";"Тема переопределяет роли согласованно.";"Проверяйте все состояния в обеих темах • Согласуйте фон, текст и границы";"Изменение одного primary не делает тему завершённой.";"Светлая и тёмная карточки с общими ролями.";"https://www.w3.org/community/design-tokens/"
"systems-5";"Варианты и состояния";"Дизайн-системы";"Практика";"Компонент имеет явную матрицу допустимых сочетаний.";"Опишите size, intent и interaction • Определите недопустимые сочетания";"Отдельный макет на каждый случай трудно поддерживать.";"Button / primary / small / disabled.";"https://www.w3.org/community/design-tokens/"
"systems-6";"Atomic design";"Дизайн-системы";"Практика";"Атомы, молекулы и организмы — один способ обсуждать уровни сборки.";"Используйте модель, если она помогает команде • Согласуйте ответственность компонента";"Название уровня не определяет качество архитектуры.";"Поле, группа полей и форма.";"https://www.w3.org/community/design-tokens/"
"systems-7";"Иконографика";"Дизайн-системы";"Практика";"Единый язык пиктограмм уменьшает визуальные несоответствия.";"Согласуйте толщину, размер и оптический вес • Подписывайте неоднозначные функции";"Иконка без подписи не обязательно понятна человеку.";"Набор иконок на одной сетке.";"https://atlassian.design/foundations/"
"systems-8";"Документация компонента";"Дизайн-системы";"Практика";"Правила использования важны не меньше файла компонента.";"Опишите назначение, ограничения и пример • Добавьте доступность и состояния";"Скриншот не объясняет поведение.";"Для dialog указаны фокус, закрытие и возврат.";"https://www.w3.org/WAI/ARIA/apg/patterns/"
"systems-9";"Версионирование системы";"Дизайн-системы";"Практика";"Изменения должны быть управляемыми и понятными.";"Разделяйте совместимые и ломающие изменения • Объясняйте миграцию";"Незаметная смена токенов может сломать десятки экранов.";"Changelog объясняет замену старого токена.";"https://www.w3.org/community/design-tokens/"
"systems-10";"Governance / развитие";"Дизайн-системы";"Практика";"Система требует владельцев и правил добавления.";"Проверяйте потребность до нового компонента • Фиксируйте решение и критерии готовности";"Система без обратной связи становится формальной библиотекой.";"Предложение варианта проходит проверку реального сценария.";"https://atlassian.design/foundations/"
"process-1";"Исследование задачи";"Исследование и процесс";"Практика";"Работа начинается с понимания проблемы и контекста.";"Изучите текущий сценарий • Отделите наблюдение от предположения";"Пожелание пользователя не всегда описывает основную проблему.";"Сначала выясняется, зачем человек сохраняет подборку.";"https://www.ibm.com/design/thinking/"
"process-2";"JTBD / работа пользователя";"Исследование и процесс";"Практика";"Модель описывает желаемое изменение в конкретной ситуации.";"Укажите контекст, мотивацию и результат • Проверяйте формулировку на реальных случаях";"JTBD не заменяет исследование и не сводится к шаблону одной фразы.";"«Когда выбираю стиль, хочу сравнить примеры, чтобы принять решение».";"https://www.ibm.com/design/thinking/"
"process-3";"User journey";"Исследование и процесс";"Практика";"Путь показывает действия, сомнения и точки перехода.";"Связывайте этапы с доказательствами • Укажите проблемы и возможности";"Красивый путь на основе догадок не является исследованием.";"Поиск → просмотр → сравнение → отбор.";"https://www.ibm.com/design/thinking/"
"process-4";"User flow";"Исследование и процесс";"Практика";"Схема описывает действия, развилки и исходы.";"Покажите ошибки и возвраты • Свяжите шаг с состоянием системы";"Линейная схема не описывает реальные исключения.";"Сохранение имеет успех и ошибку хранения.";"https://www.ibm.com/design/thinking/"
"process-5";"Wireframe";"Исследование и процесс";"Практика";"Низкая детализация помогает обсуждать структуру.";"Работайте с реальным содержанием • Сначала проверяйте порядок и сценарий";"Серые прямоугольники не проверяют контраст и финальную читаемость.";"Эскиз списка и детального просмотра.";"https://www.ibm.com/design/thinking/"
"process-6";"Прототипирование";"Исследование и процесс";"Практика";"Прототип проверяет конкретный вопрос поведением.";"Задайте гипотезу • Выберите достаточную точность";"Кликабельный макет не доказывает работу настоящего продукта.";"Прототип проверяет понятность фильтра.";"https://www.ibm.com/design/thinking/"
"process-7";"Usability testing";"Исследование и процесс";"Практика";"Наблюдение за задачей обнаруживает реальные затруднения.";"Дайте задачу без подсказки интерфейса • Записывайте действия и причины";"Число участников зависит от цели и разнообразия аудитории.";"Найти правило и сохранить его без помощи.";"https://www.ibm.com/design/thinking/"
"process-8";"Heuristic evaluation";"Исследование и процесс";"Практика";"Экспертная проверка находит типичные проблемы.";"Описывайте проблему и её последствия • Приоритизируйте по влиянию";"Экспертная оценка не заменяет тестирование с пользователями.";"Проверка десяти эвристик на форме.";"https://www.nngroup.com/articles/ten-usability-heuristics/"
"process-9";"A/B testing";"Исследование и процесс";"Практика";"Эксперимент сравнивает варианты по выбранному результату.";"Заранее задайте метрику и критерий решения • Учитывайте размер выборки и длительность";"Маленькая случайная разница не доказывает победителя.";"Два названия кнопки сравниваются по успешным задачам.";"https://www.ibm.com/design/thinking/"
"process-10";"Design critique";"Исследование и процесс";"Практика";"Разбор решения должен ссылаться на цель и ограничения.";"Обсуждайте наблюдаемый эффект • Фиксируйте следующий проверяемый шаг";"«Мне не нравится» не объясняет проблему.";"«При этом размере подпись обрезается».";"https://www.ibm.com/design/thinking/"
"content-1";"UX writing";"Контент и язык";"Практика";"Текст направляет действие и объясняет состояние.";"Пишите конкретно и коротко • Используйте одно название для одного понятия";"Краткость не должна удалять необходимый контекст.";"«Сохранить подборку» вместо «Продолжить».";"https://design-system.service.gov.uk/"
"content-2";"Микрокопия";"Контент и язык";"Практика";"Короткая подпись снимает локальную неопределённость.";"Объясняйте необычный формат или последствия • Размещайте рядом с действием";"Лишние подсказки мешают привычным полям.";"«Данные сохраняются на этом устройстве».";"https://design-system.service.gov.uk/"
"content-3";"Tone of voice";"Контент и язык";"Практика";"Тон должен соответствовать контексту и состоянию человека.";"Задайте несколько понятных принципов • В ошибке используйте спокойный конкретный язык";"Игривый тон в серьёзной ошибке может раздражать.";"Подтверждение тёплое, ошибка сдержанная.";"https://design-system.service.gov.uk/"
"content-4";"Ошибки человеческим языком";"Контент и язык";"Практика";"Сообщение связывает причину с возможностью исправления.";"Назовите поле и допустимый формат • Избегайте обвинения";"Технический код может быть дополнительной деталью, не единственным текстом.";"«Введите адрес в формате name@example.com».";"https://design-system.service.gov.uk/"
"content-5";"Локализация и форматы";"Контент и язык";"Практика";"Язык меняет длину текста, числа, даты и обращения.";"Используйте locale-aware форматирование • Не склеивайте предложения из кусочков";"Перевод после завершения макета обнаруживает скрытые ограничения.";"1 234,5 и 1,234.5 зависят от локали.";"https://design-system.service.gov.uk/"
"content-6";"Понятные названия действий";"Контент и язык";"Практика";"Глагол и объект объясняют ожидаемый результат.";"Укажите результат там, где он не очевиден • Различайте «Закрыть» и «Удалить»";"«Да» без контекста не помогает быстро проверить решение.";"«Удалить заметку» в диалоге.";"https://design-system.service.gov.uk/"
"content-7";"Этика и dark patterns";"Контент и язык";"Практика";"Дизайн не должен скрывать последствия и ограничивать свободный выбор.";"Объясняйте условия заранее • Дайте сопоставимый путь согласия и отказа";"Высокая конверсия сама по себе не доказывает пользу для пользователя.";"Отказ доступен рядом с согласием без манипулятивной формулировки.";"https://design-system.service.gov.uk/"
"content-8";"Доверие и прозрачность";"Контент и язык";"Практика";"Пользователь должен понимать результат и судьбу своих данных.";"Назовите место хранения и ограничения • Различайте факт и предположение";"Лишний значок безопасности без оснований снижает доверие.";"Перед экспортом ясно указан формат файла.";"https://design-system.service.gov.uk/"
"content-9";"Контентная иерархия";"Контент и язык";"Практика";"Содержание можно сканировать по заголовкам и первым словам.";"Начинайте с полезного результата • Разделяйте длинный текст на смысловые блоки";"Визуально крупный текст без семантического заголовка теряет часть пользы.";"Название раздела объясняет, какие решения в нём находятся.";"https://design-system.service.gov.uk/"
"content-10";"Пустое состояние как инструкция";"Контент и язык";"Практика";"Текст объясняет, почему информации нет и как её получить.";"Отличайте первый запуск от результата фильтра • Предложите подходящее действие";"Одна фраза «Нет данных» не объясняет ситуацию.";"«Нет результатов. Попробуйте другое название».";"https://design-system.service.gov.uk/"
"content-11";"Числа, единицы и точность";"Контент и язык";"Практика";"Формат должен отражать назначение и реальную точность.";"Добавляйте единицы • Не показывайте лишние знаки после запятой";"Округление для отображения не всегда допустимо для проверки порога.";"Контраст показан с двумя знаками, но оценивается до округления.";"https://www.w3.org/WAI/WCAG22/Understanding/contrast-minimum.html"
"content-12";"Инклюзивный язык";"Контент и язык";"Практика";"Понятный текст должен учитывать разные условия и опыт.";"Не делайте лишних предположений о человеке • Уберите унизительные и манипулятивные формулировки";"Нейтральность не требует холодного или непонятного языка.";"Ошибка описывает действие без обвинения пользователя.";"https://design-system.service.gov.uk/"
"data-1";"Выбор графика";"Данные и визуализация";"Практика";"Форма зависит от вопроса к данным.";"Для сравнения пробуйте столбцы • Для изменения во времени — линию";"Круговая диаграмма плохо подходит многим близким значениям.";"Три категории сравниваются по длине столбцов.";"https://developer.mozilla.org/en-US/docs/Web/CSS"
"data-2";"Честная шкала";"Данные и визуализация";"Практика";"Масштаб может усилить или скрыть различия.";"Столбцы обычно начинайте с нуля • Явно обозначайте обрыв и преобразование шкалы";"Для линий нулевой baseline не всегда обязателен.";"Значения 20, 40 и 60 показаны без скрытого обрезания.";"https://developer.mozilla.org/en-US/docs/Web/CSS"
"data-3";"Прямые подписи";"Данные и визуализация";"Практика";"Подпись рядом с данными снижает поиск по легенде.";"Показывайте единицы и название • Сохраняйте доступную текстовую альтернативу";"Плотный график требует ограничить число подписей.";"Число расположено у конца столбца.";"https://developer.mozilla.org/en-US/docs/Web/CSS"
"data-4";"Последовательные палитры";"Данные и визуализация";"Практика";"Упорядоченные значения требуют упорядоченного цвета.";"Покажите изменение светлоты • Не используйте радугу без необходимости";"Цвет должен работать вместе с легендой и контекстом.";"Низкое значение светлее высокого.";"https://developer.mozilla.org/en-US/docs/Web/CSS"
"data-5";"Расходящиеся палитры";"Данные и визуализация";"Практика";"Две стороны относительно центра имеют разное значение.";"Обозначьте нейтральную точку • Выберите равнозначные контрастные стороны";"Без смыслового центра diverging-палитра вводит в заблуждение.";"Отклонения ниже и выше нуля.";"https://developer.mozilla.org/en-US/docs/Web/CSS"
"data-6";"Неопределённость данных";"Данные и визуализация";"Практика";"Данные могут иметь диапазон, оценку и неполноту.";"Покажите доверительный интервал или источник оценки • Обозначьте отсутствующие значения";"Точная цифра не делает оценку достоверной.";"Метрика сопровождается диапазоном.";"https://developer.mozilla.org/en-US/docs/Web/CSS"
"data-7";"Таблица или график";"Данные и визуализация";"Практика";"Таблица удобна для точного поиска, график — для закономерности.";"Дайте оба представления при необходимости • Покажите единицы и заголовки";"Декоративный график может мешать простому чтению числа.";"Сравнение диаграммы и числовой таблицы.";"https://developer.mozilla.org/en-US/docs/Web/CSS"
"data-8";"KPI и контекст";"Данные и визуализация";"Практика";"Показатель должен иметь единицу и точку сравнения.";"Укажите период и базу изменения • Отделите хорошее изменение от роста самого числа";"Зелёный рост не всегда означает успех, например для ошибок.";"«42 задачи, +8 к прошлой неделе».";"https://developer.mozilla.org/en-US/docs/Web/CSS"
"engineering-1";"Контракт компонента";"Дизайн → разработка";"Практика";"Дизайн и код должны согласовать свойства и поведение.";"Опишите входы, состояния и события • Задайте правила для длинного и пустого контента";"Название файла не заменяет спецификацию.";"Card принимает title, status и onSelect.";"https://www.w3.org/WAI/ARIA/apg/patterns/"
"engineering-2";"Handoff / передача";"Дизайн → разработка";"Практика";"Разработке нужны правила, а не только финальные картинки.";"Передайте токены, состояния и адаптивность • Укажите исключения и критерии проверки";"Один desktop-макет оставляет слишком много догадок.";"Для формы описаны narrow, error и loading.";"https://atlassian.design/foundations/"
"engineering-3";"LCP / загрузка содержания";"Дизайн → разработка";"Практика";"Главное содержимое должно появляться быстро.";"Измеряйте реальные посещения • Для «хорошо» LCP ориентир ≤ 2,5 s на 75-м перцентиле";"Локальная скорость не заменяет полевые данные.";"Главный текст загружается без внешней картинки.";"https://web.dev/articles/vitals"
"engineering-4";"INP / отзывчивость";"Дизайн → разработка";"Практика";"Взаимодействие должно быстро получать видимую реакцию.";"Для «хорошо» INP ориентир ≤ 200 ms на 75-м перцентиле • Не блокируйте главный поток тяжёлой работой";"Один быстрый клик не характеризует все посещения.";"Фильтр обновляет список без заметной задержки.";"https://web.dev/articles/vitals"
"engineering-5";"CLS / устойчивость";"Дизайн → разработка";"Практика";"Неожиданное смещение контента мешает управлению.";"Для «хорошо» CLS ориентир ≤ 0,1 на 75-м перцентиле • Резервируйте размер медиа";"Не каждый ожидаемый сдвиг после действия входит в CLS.";"Карточки не прыгают при загрузке шрифта.";"https://web.dev/articles/vitals"
"engineering-6";"Бюджет ресурсов";"Дизайн → разработка";"Практика";"Объём кода, медиа и шрифтов влияет на доступность продукта.";"Выберите бюджет под реальные устройства • Загружайте тяжёлое по необходимости";"Нет универсального лимита размера для всех приложений.";"Каталог работает с локальными шрифтами и CSS-схемами.";"https://web.dev/learn/design/"
"engineering-7";"Производительность анимации";"Дизайн → разработка";"Практика";"Движение должно укладываться в возможности устройства.";"Предпочитайте transform и opacity • Измеряйте blur, тени и перестройку layout";"Даже transform может быть дорог при огромных слоях.";"Демонстрация движется без пересчёта геометрии каждый кадр.";"https://developer.mozilla.org/en-US/docs/Web/CSS"
"engineering-8";"Адаптивные изображения";"Дизайн → разработка";"Практика";"Подходящий ресурс уменьшает трафик и сохраняет качество.";"Используйте srcset, sizes и размеры • Не загружайте огромный исходник для миниатюры";"Формат и качество выбирают по содержанию, а не моде.";"Миниатюра получает отдельный размер ресурса.";"https://web.dev/learn/design/"
"engineering-9";"QA по состояниям";"Дизайн → разработка";"Практика";"Качество проверяют на реальных комбинациях содержания и ввода.";"Проверяйте narrow, zoom, keyboard и error • Сравнивайте доступность и поведение";"Совпадение с макетом не гарантирует работоспособность.";"Пустой список и очень длинное название проходят проверку.";"https://www.w3.org/WAI/ARIA/apg/patterns/"
"engineering-10";"Локальное хранение и перенос";"Дизайн → разработка";"Практика";"Личные данные нуждаются в понятном сохранении и резервной копии.";"Обрабатывайте ошибки хранения • Дайте проверяемый экспорт и импорт";"localStorage привязан к браузеру и origin и может быть очищен.";"Отбор и заметки экспортируются в JSON.";"https://developer.mozilla.org/en-US/docs/Web/CSS"
